Positive,Negative,Neutral
52.33172428,24.77659518,22.89168053
