Positive,Negative,Neutral
50.58782745,35.72785096,13.68432159
