Sentiment,Value
Positive,72.32783467
Negative,17.06629055
Neutral,10.60587478
